<?xml version="1.0" encoding="UTF-8" standalone="yes"?>
  <SettlementReport xmlns="http://vipps.no/xmlschema/SettlementReport-3.0.xsd">
      <SettlementDetailsInfo>
          <SaleUnitName>Blodsmak Sportsklubb</SaleUnitName>
          <SerialNumber>16655</SerialNumber>
          <OrganizationName>Blodsmak Sportsklubb</OrganizationName>
          <OrganizationNumber>998724341</OrganizationNumber>
          <MainAddress>Kastellhagen 2</MainAddress>
          <MainAddressZipCode>1176</MainAddressZipCode>
          <MainAddressCity>OSLO</MainAddressCity>
          <MainAddressCountryCode></MainAddressCountryCode>
          <PaymentsInfo>
              <ReportDateFrom>2018-09-03</ReportDateFrom>
              <ReportDateTo>2018-09-23</ReportDateTo>
              <SettlementCurrencyCode>NOK</SettlementCurrencyCode>
              <ReportReferenceNum>00000000007367712</ReportReferenceNum>
              <SettlementAccountNum>15037654733</SettlementAccountNum>
              <SettlementInfo>
                  <SettlementDate>2018-09-22</SettlementDate>
                  <SettlementID>2000004</SettlementID>
                  <SettlementCurrencyCode>NOK</SettlementCurrencyCode>
                  <SettlementType>Net</SettlementType>
                  <TransactionInfo>
                      <TransactionTime>2018-09-22T18:43:57.437+02:00</TransactionTime>
                      <TransactionCaptureAmount>100.00</TransactionCaptureAmount>
                      <TransactionRefundAmount>0.00</TransactionRefundAmount>
                      <TransactionGrossAmount>100.00</TransactionGrossAmount>
                      <TransactionNetAmount>97.75</TransactionNetAmount>
                      <TransactionFeeAmount>2.25</TransactionFeeAmount>
                      <SettlementCurrencyCode>NOK</SettlementCurrencyCode>
                      <TransactionID>5584146378</TransactionID>
                      <OrderID></OrderID>
                  </TransactionInfo>
                  <NumOfTransactions>1</NumOfTransactions>
                  <CaptureSettlementAmount>100.00</CaptureSettlementAmount>
                  <RefundSettlementAmount>0.00</RefundSettlementAmount>
                  <GrossSettlementAmount>100.00</GrossSettlementAmount>
                  <NetSettlementAmount>97.75</NetSettlementAmount>
                  <FeeSettlementAmount>2.25</FeeSettlementAmount>
                  <SettledAmount>97.75</SettledAmount>
              </SettlementInfo>
              <NumOfSettlements>1</NumOfSettlements>
          </PaymentsInfo>
      </SettlementDetailsInfo>
      <VippsInfo>
          <Name>Vipps AS</Name>
          <WebSite>vipps.no</WebSite>
          <VisitingAddress>Dronning Eufemias Gate 42</VisitingAddress>
          <PostBox></PostBox>
          <PostAddress>N-0191 Oslo</PostAddress>
          <Country>Norway</Country>
      </VippsInfo>
  </SettlementReport>